date,symbol,name,failed_count,criterion,detail
2026-04-28,ABB,ABB India Ltd,2,ROE,N/A
2026-04-28,ABB,ABB India Ltd,2,FCF / PAT,-0.66
2026-04-28,ACE,Action Construction Equipment Ltd,1,ROE,N/A
2026-04-28,ADANIPOWER,Adani Power Ltd,1,ROE,N/A
2026-04-28,CPPLUS,Aditya Infotech Ltd,2,ROE,N/A
2026-04-28,CPPLUS,Aditya Infotech Ltd,2,PEG Ratio,N/A
2026-04-28,ABDL,Allied Blenders & Distillers Ltd,1,ROE,N/A
2026-04-28,ANANTRAJ,Anant Raj Ltd,2,ROE,N/A
2026-04-28,ANANTRAJ,Anant Raj Ltd,2,Avg ROCE (3Y),"10.4%  (hist: [1.9, 5.0, 7.8, 10.6, 12.7])"
2026-04-28,BLS,BLS International Services Ltd,2,ROE,N/A
2026-04-28,BLS,BLS International Services Ltd,2,FCF / PAT,0.11
2026-04-28,BATAINDIA,Bata India Ltd,2,ROE,N/A
2026-04-28,BATAINDIA,Bata India Ltd,2,PEG Ratio,N/A
2026-04-28,BPCL,Bharat Petroleum Corporation Ltd,2,ROE,N/A
2026-04-28,BPCL,Bharat Petroleum Corporation Ltd,2,FCF / PAT,0.62
2026-04-28,BLUEDART,Blue Dart Express Ltd,2,ROE,N/A
2026-04-28,BLUEDART,Blue Dart Express Ltd,2,PEG Ratio,2.19
2026-04-28,CEMPRO,Cemindia Projects Ltd,1,ROE,N/A
2026-04-28,CHAMBLFERT,Chambal Fertilisers & Chemicals Ltd,2,ROE,N/A
2026-04-28,CHAMBLFERT,Chambal Fertilisers & Chemicals Ltd,2,PEG Ratio,2.51
2026-04-28,CHENNPETRO,Chennai Petroleum Corporation Ltd,1,ROE,N/A
2026-04-28,COALINDIA,Coal India Ltd,1,ROE,N/A
2026-04-28,COLPAL,Colgate-Palmolive (India) Ltd,2,ROE,N/A
2026-04-28,COLPAL,Colgate-Palmolive (India) Ltd,2,PEG Ratio,4.10
2026-04-28,COROMANDEL,Coromandel International Ltd,2,ROE,N/A
2026-04-28,COROMANDEL,Coromandel International Ltd,2,PEG Ratio,2.26
2026-04-28,EIDPARRY,EID Parry (India) Ltd,2,ROE,N/A
2026-04-28,EIDPARRY,EID Parry (India) Ltd,2,Promoter Holding,41.5%
2026-04-28,EIHOTEL,EIH Ltd,2,ROE,N/A
2026-04-28,EIHOTEL,EIH Ltd,2,Promoter Holding,32.9%
2026-04-28,ELECON,Elecon Engineering Company Ltd,1,ROE,N/A
2026-04-28,EMCURE,Emcure Pharmaceuticals Ltd,2,ROE,N/A
2026-04-28,EMCURE,Emcure Pharmaceuticals Ltd,2,PEG Ratio,2.32
2026-04-28,ENGINERSIN,Engineers India Ltd,2,ROE,N/A
2026-04-28,ENGINERSIN,Engineers India Ltd,2,Revenue CAGR 5Y,5.0%
2026-04-28,FSL,Firstsource Solutions Ltd,2,ROE,N/A
2026-04-28,FSL,Firstsource Solutions Ltd,2,PEG Ratio,1.88
2026-04-28,FORCEMOT,Force Motors Ltd,2,ROE,N/A
2026-04-28,FORCEMOT,Force Motors Ltd,2,FCF / PAT,0.66
2026-04-28,GODFRYPHLP,Godfrey Phillips India Ltd,2,ROE,N/A
2026-04-28,GODFRYPHLP,Godfrey Phillips India Ltd,2,FCF / PAT,0.54
2026-04-28,HEG,HEG Ltd,2,ROE,N/A
2026-04-28,HEG,HEG Ltd,2,Avg ROCE (3Y),"6.1%  (hist: [11.6, 12.3, 7.6, 5.1, 5.6])"
2026-04-28,HBLENGINE,HBL Engineering Ltd,1,ROE,N/A
2026-04-28,HCLTECH,HCL Technologies Ltd,2,ROE,N/A
2026-04-28,HCLTECH,HCL Technologies Ltd,2,PEG Ratio,2.24
2026-04-28,HEXT,Hexaware Technologies Ltd,2,ROE,N/A
2026-04-28,HEXT,Hexaware Technologies Ltd,2,PEG Ratio,11.86
2026-04-28,HSCL,Himadri Speciality Chemical Ltd,2,ROE,N/A
2026-04-28,HSCL,Himadri Speciality Chemical Ltd,2,FCF / PAT,0.71
2026-04-28,HINDPETRO,Hindustan Petroleum Corporation Ltd,2,Debt / Equity,1.11
2026-04-28,HINDPETRO,Hindustan Petroleum Corporation Ltd,2,ROE,N/A
2026-04-28,HINDZINC,Hindustan Zinc Ltd,2,ROE,N/A
2026-04-28,HINDZINC,Hindustan Zinc Ltd,2,PEG Ratio,1.62
2026-04-28,HYUNDAI,Hyundai Motor India Ltd,2,ROE,N/A
2026-04-28,HYUNDAI,Hyundai Motor India Ltd,2,PEG Ratio,9.60
2026-04-28,IOC,Indian Oil Corporation Ltd,1,ROE,N/A
2026-04-28,INDUSTOWER,Indus Towers Ltd,2,ROE,N/A
2026-04-28,INDUSTOWER,Indus Towers Ltd,2,PEG Ratio,1.09
2026-04-28,JKTYRE,JK Tyre & Industries Ltd,2,ROE,N/A
2026-04-28,JKTYRE,JK Tyre & Industries Ltd,2,PEG Ratio,1.12
2026-04-28,JSWDULUX,JSW Dulux Ltd,2,ROE,N/A
2026-04-28,JSWDULUX,JSW Dulux Ltd,2,Revenue CAGR 5Y,9.2%
2026-04-28,JINDALSAW,Jindal Saw Ltd,1,ROE,N/A
2026-04-28,JSL,Jindal Stainless Ltd,1,ROE,N/A
2026-04-28,JYOTICNC,Jyoti CNC Automation Ltd,2,ROE,N/A
2026-04-28,JYOTICNC,Jyoti CNC Automation Ltd,2,PEG Ratio,1.38
2026-04-28,KPITTECH,KPIT Technologies Ltd,2,ROE,N/A
2026-04-28,KPITTECH,KPIT Technologies Ltd,2,Promoter Holding,39.4%
2026-04-28,KALYANKJIL,Kalyan Jewellers India Ltd,2,ROE,N/A
2026-04-28,KALYANKJIL,Kalyan Jewellers India Ltd,2,Avg ROCE (3Y),"17.3%  (hist: [11.9, 14.7, 15.4, 16.2, 20.2])"
2026-04-28,LINDEINDIA,Linde India Ltd,2,ROE,N/A
2026-04-28,LINDEINDIA,Linde India Ltd,2,PEG Ratio,3.35
2026-04-28,LLOYDSME,Lloyds Metals & Energy Ltd,2,Debt / Equity,1.06
2026-04-28,LLOYDSME,Lloyds Metals & Energy Ltd,2,ROE,N/A
2026-04-28,LODHA,Lodha Developers Ltd,2,ROE,N/A
2026-04-28,LODHA,Lodha Developers Ltd,2,Avg ROCE (3Y),"13.3%  (hist: [9.2, 9.5, 10.6, 14.6, 14.8])"
2026-04-28,LUPIN,Lupin Ltd,2,ROE,N/A
2026-04-28,LUPIN,Lupin Ltd,2,FCF / PAT,0.72
2026-04-28,MRPL,Mangalore Refinery And Petrochemicals Ltd,2,Debt / Equity,1.08
2026-04-28,MRPL,Mangalore Refinery And Petrochemicals Ltd,2,ROE,N/A
2026-04-28,MARICO,Marico Ltd,2,ROE,N/A
2026-04-28,MARICO,Marico Ltd,2,PEG Ratio,7.56
2026-04-28,MAZDOCK,Mazagon Dock Shipbuilders Ltd,2,ROE,N/A
2026-04-28,MAZDOCK,Mazagon Dock Shipbuilders Ltd,2,PEG Ratio,1.24
2026-04-28,NATCOPHARM,Natco Pharma Ltd,2,ROE,N/A
2026-04-28,NATCOPHARM,Natco Pharma Ltd,2,FCF / PAT,0.09
2026-04-28,NBCC,NBCC (India) Ltd,2,ROE,N/A
2026-04-28,NBCC,NBCC (India) Ltd,2,PEG Ratio,1.63
2026-04-28,NCC,NCC Ltd,2,ROE,N/A
2026-04-28,NCC,NCC Ltd,2,Promoter Holding,22.8%
2026-04-28,NMDC,NMDC Ltd,2,ROE,N/A
2026-04-28,NMDC,NMDC Ltd,2,PEG Ratio,6.06
2026-04-28,NH,Narayana Hrudayalaya Ltd,2,ROE,N/A
2026-04-28,NH,Narayana Hrudayalaya Ltd,2,FCF / PAT,-0.29
2026-04-28,NATIONALUM,National Aluminium Company Ltd,1,ROE,N/A
2026-04-28,ONGC,Oil & Natural Gas Corpn Ltd,2,ROE,N/A
2026-04-28,ONGC,Oil & Natural Gas Corpn Ltd,2,FCF / PAT,0.49
2026-04-28,OLECTRA,Olectra Greentech Ltd,2,ROE,N/A
2026-04-28,OLECTRA,Olectra Greentech Ltd,2,FCF / PAT,-1.33
2026-04-28,PETRONET,Petronet LNG Ltd,2,ROE,N/A
2026-04-28,PETRONET,Petronet LNG Ltd,2,PEG Ratio,2.64
2026-04-28,PREMIERENE,Premier Energies Ltd,2,ROE,N/A
2026-04-28,PREMIERENE,Premier Energies Ltd,2,FCF / PAT,-2.46
2026-04-28,RAILTEL,Railtel Corporation of India Ltd,2,ROE,N/A
2026-04-28,RAILTEL,Railtel Corporation of India Ltd,2,PEG Ratio,5.88
2026-04-28,REDINGTON,Redington Ltd,2,ROE,N/A
2026-04-28,REDINGTON,Redington Ltd,2,Promoter Holding,0.0%
2026-04-28,SAGILITY,Sagility Ltd,2,ROE,N/A
2026-04-28,SAGILITY,Sagility Ltd,2,Avg ROCE (3Y),"13.9%  (hist: [2.2, 11.4, 12.1, 13.4, 16.2])"
2026-04-28,SARDAEN,Sarda Energy & Minerals Ltd,2,ROE,N/A
2026-04-28,SARDAEN,Sarda Energy & Minerals Ltd,2,Avg ROCE (3Y),"15.5%  (hist: [29.6, 22.0, 15.2, 13.5, 17.7])"
2026-04-28,SUNPHARMA,Sun Pharmaceutical Industries Ltd,2,ROE,N/A
2026-04-28,SUNPHARMA,Sun Pharmaceutical Industries Ltd,2,PEG Ratio,1.14
2026-04-28,SPLPETRO,Supreme Petrochem Ltd,1,ROE,N/A
2026-04-28,TCS,Tata Consultancy Services Ltd,2,ROE,N/A
2026-04-28,TCS,Tata Consultancy Services Ltd,2,PEG Ratio,1.84
2026-04-28,TATATECH,Tata Technologies Ltd,2,ROE,N/A
2026-04-28,TATATECH,Tata Technologies Ltd,2,PEG Ratio,N/A
2026-04-28,TORNTPOWER,Torrent Power Ltd,2,ROE,N/A
2026-04-28,TORNTPOWER,Torrent Power Ltd,2,PEG Ratio,1.52
2026-04-28,TARIL,Transformers & Rectifiers India Ltd,1,ROE,N/A
2026-04-28,WAAREEENER,Waaree Energies Ltd,2,ROE,N/A
2026-04-28,WAAREEENER,Waaree Energies Ltd,2,FCF / PAT,-0.95
2026-04-28,WELCORP,Welspun Corp Ltd,2,ROE,N/A
2026-04-28,WELCORP,Welspun Corp Ltd,2,PEG Ratio,1.04
2026-04-28,ZENTEC,Zen Technologies Ltd,2,ROE,N/A
2026-04-28,ZENTEC,Zen Technologies Ltd,2,FCF / PAT,-2.59
2026-04-28,ZYDUSLIFE,Zydus Lifesciences Ltd,2,ROE,N/A
2026-04-28,ZYDUSLIFE,Zydus Lifesciences Ltd,2,FCF / PAT,0.34
2026-04-28,ECLERX,eClerx Services Ltd,1,ROE,N/A
2026-04-28,ABB,ABB India Ltd,2,ROE,N/A
2026-04-28,ABB,ABB India Ltd,2,FCF / PAT,-0.66
2026-04-28,ACE,Action Construction Equipment Ltd,1,ROE,N/A
2026-04-28,ADANIPOWER,Adani Power Ltd,1,ROE,N/A
2026-04-28,CPPLUS,Aditya Infotech Ltd,2,ROE,N/A
2026-04-28,CPPLUS,Aditya Infotech Ltd,2,PEG Ratio,N/A
2026-04-28,ABDL,Allied Blenders & Distillers Ltd,1,ROE,N/A
2026-04-28,ANANTRAJ,Anant Raj Ltd,2,ROE,N/A
2026-04-28,ANANTRAJ,Anant Raj Ltd,2,Avg ROCE (3Y),"10.4%  (hist: [1.9, 5.0, 7.8, 10.6, 12.7])"
2026-04-28,BLS,BLS International Services Ltd,2,ROE,N/A
2026-04-28,BLS,BLS International Services Ltd,2,FCF / PAT,0.11
2026-04-28,BATAINDIA,Bata India Ltd,2,ROE,N/A
2026-04-28,BATAINDIA,Bata India Ltd,2,PEG Ratio,N/A
2026-04-28,BPCL,Bharat Petroleum Corporation Ltd,2,ROE,N/A
2026-04-28,BPCL,Bharat Petroleum Corporation Ltd,2,FCF / PAT,0.62
2026-04-28,BLUEDART,Blue Dart Express Ltd,2,ROE,N/A
2026-04-28,BLUEDART,Blue Dart Express Ltd,2,PEG Ratio,2.20
2026-04-28,CEMPRO,Cemindia Projects Ltd,1,ROE,N/A
2026-04-28,CHAMBLFERT,Chambal Fertilisers & Chemicals Ltd,2,ROE,N/A
2026-04-28,CHAMBLFERT,Chambal Fertilisers & Chemicals Ltd,2,PEG Ratio,2.51
2026-04-28,CHENNPETRO,Chennai Petroleum Corporation Ltd,1,ROE,N/A
2026-04-28,COALINDIA,Coal India Ltd,1,ROE,N/A
2026-04-28,COLPAL,Colgate-Palmolive (India) Ltd,2,ROE,N/A
2026-04-28,COLPAL,Colgate-Palmolive (India) Ltd,2,PEG Ratio,4.10
2026-04-28,COROMANDEL,Coromandel International Ltd,2,ROE,N/A
2026-04-28,COROMANDEL,Coromandel International Ltd,2,PEG Ratio,2.26
2026-04-28,EIDPARRY,EID Parry (India) Ltd,2,ROE,N/A
2026-04-28,EIDPARRY,EID Parry (India) Ltd,2,Promoter Holding,41.5%
2026-04-28,EIHOTEL,EIH Ltd,2,ROE,N/A
2026-04-28,EIHOTEL,EIH Ltd,2,Promoter Holding,32.9%
2026-04-28,ELECON,Elecon Engineering Company Ltd,1,ROE,N/A
2026-04-28,EMCURE,Emcure Pharmaceuticals Ltd,2,ROE,N/A
2026-04-28,EMCURE,Emcure Pharmaceuticals Ltd,2,PEG Ratio,2.30
2026-04-28,ENGINERSIN,Engineers India Ltd,2,ROE,N/A
2026-04-28,ENGINERSIN,Engineers India Ltd,2,Revenue CAGR 5Y,5.0%
2026-04-28,FSL,Firstsource Solutions Ltd,2,ROE,N/A
2026-04-28,FSL,Firstsource Solutions Ltd,2,PEG Ratio,1.88
2026-04-28,FORCEMOT,Force Motors Ltd,2,ROE,N/A
2026-04-28,FORCEMOT,Force Motors Ltd,2,FCF / PAT,0.66
2026-04-28,GODFRYPHLP,Godfrey Phillips India Ltd,2,ROE,N/A
2026-04-28,GODFRYPHLP,Godfrey Phillips India Ltd,2,FCF / PAT,0.54
2026-04-28,HEG,HEG Ltd,2,ROE,N/A
2026-04-28,HEG,HEG Ltd,2,Avg ROCE (3Y),"6.1%  (hist: [11.6, 12.3, 7.6, 5.1, 5.6])"
2026-04-28,HBLENGINE,HBL Engineering Ltd,1,ROE,N/A
2026-04-28,HCLTECH,HCL Technologies Ltd,2,ROE,N/A
2026-04-28,HCLTECH,HCL Technologies Ltd,2,PEG Ratio,2.24
2026-04-28,HEXT,Hexaware Technologies Ltd,2,ROE,N/A
2026-04-28,HEXT,Hexaware Technologies Ltd,2,PEG Ratio,11.86
2026-04-28,HSCL,Himadri Speciality Chemical Ltd,2,ROE,N/A
2026-04-28,HSCL,Himadri Speciality Chemical Ltd,2,FCF / PAT,0.71
2026-04-28,HINDPETRO,Hindustan Petroleum Corporation Ltd,2,Debt / Equity,1.11
2026-04-28,HINDPETRO,Hindustan Petroleum Corporation Ltd,2,ROE,N/A
2026-04-28,HINDZINC,Hindustan Zinc Ltd,2,ROE,N/A
2026-04-28,HINDZINC,Hindustan Zinc Ltd,2,PEG Ratio,1.62
2026-04-28,HYUNDAI,Hyundai Motor India Ltd,2,ROE,N/A
2026-04-28,HYUNDAI,Hyundai Motor India Ltd,2,PEG Ratio,9.60
2026-04-28,IOC,Indian Oil Corporation Ltd,1,ROE,N/A
2026-04-28,INDUSTOWER,Indus Towers Ltd,2,ROE,N/A
2026-04-28,INDUSTOWER,Indus Towers Ltd,2,PEG Ratio,1.09
2026-04-28,JKTYRE,JK Tyre & Industries Ltd,2,ROE,N/A
2026-04-28,JKTYRE,JK Tyre & Industries Ltd,2,PEG Ratio,1.12
2026-04-28,JSWDULUX,JSW Dulux Ltd,2,ROE,N/A
2026-04-28,JSWDULUX,JSW Dulux Ltd,2,Revenue CAGR 5Y,9.2%
2026-04-28,JINDALSAW,Jindal Saw Ltd,1,ROE,N/A
2026-04-28,JSL,Jindal Stainless Ltd,1,ROE,N/A
2026-04-28,JYOTICNC,Jyoti CNC Automation Ltd,2,ROE,N/A
2026-04-28,JYOTICNC,Jyoti CNC Automation Ltd,2,PEG Ratio,1.38
2026-04-28,KPITTECH,KPIT Technologies Ltd,2,ROE,N/A
2026-04-28,KPITTECH,KPIT Technologies Ltd,2,Promoter Holding,39.4%
2026-04-28,KALYANKJIL,Kalyan Jewellers India Ltd,2,ROE,N/A
2026-04-28,KALYANKJIL,Kalyan Jewellers India Ltd,2,Avg ROCE (3Y),"17.3%  (hist: [11.9, 14.7, 15.4, 16.2, 20.2])"
2026-04-28,LINDEINDIA,Linde India Ltd,2,ROE,N/A
2026-04-28,LINDEINDIA,Linde India Ltd,2,PEG Ratio,3.32
2026-04-28,LLOYDSME,Lloyds Metals & Energy Ltd,2,Debt / Equity,1.06
2026-04-28,LLOYDSME,Lloyds Metals & Energy Ltd,2,ROE,N/A
2026-04-28,LODHA,Lodha Developers Ltd,2,ROE,N/A
2026-04-28,LODHA,Lodha Developers Ltd,2,Avg ROCE (3Y),"13.3%  (hist: [9.2, 9.5, 10.6, 14.6, 14.8])"
2026-04-28,LUPIN,Lupin Ltd,2,ROE,N/A
2026-04-28,LUPIN,Lupin Ltd,2,FCF / PAT,0.72
2026-04-28,MRPL,Mangalore Refinery And Petrochemicals Ltd,2,Debt / Equity,1.08
2026-04-28,MRPL,Mangalore Refinery And Petrochemicals Ltd,2,ROE,N/A
2026-04-28,MARICO,Marico Ltd,2,ROE,N/A
2026-04-28,MARICO,Marico Ltd,2,PEG Ratio,7.59
2026-04-28,MAZDOCK,Mazagon Dock Shipbuilders Ltd,2,ROE,N/A
2026-04-28,MAZDOCK,Mazagon Dock Shipbuilders Ltd,2,PEG Ratio,1.24
2026-04-28,NATCOPHARM,Natco Pharma Ltd,2,ROE,N/A
2026-04-28,NATCOPHARM,Natco Pharma Ltd,2,FCF / PAT,0.09
2026-04-28,NBCC,NBCC (India) Ltd,2,ROE,N/A
2026-04-28,NBCC,NBCC (India) Ltd,2,PEG Ratio,1.63
2026-04-28,NCC,NCC Ltd,2,ROE,N/A
2026-04-28,NCC,NCC Ltd,2,Promoter Holding,22.8%
2026-04-28,NMDC,NMDC Ltd,2,ROE,N/A
2026-04-28,NMDC,NMDC Ltd,2,PEG Ratio,6.06
2026-04-28,NH,Narayana Hrudayalaya Ltd,2,ROE,N/A
2026-04-28,NH,Narayana Hrudayalaya Ltd,2,FCF / PAT,-0.29
2026-04-28,NATIONALUM,National Aluminium Company Ltd,1,ROE,N/A
2026-04-28,ONGC,Oil & Natural Gas Corpn Ltd,2,ROE,N/A
2026-04-28,ONGC,Oil & Natural Gas Corpn Ltd,2,FCF / PAT,0.49
2026-04-28,OLECTRA,Olectra Greentech Ltd,2,ROE,N/A
2026-04-28,OLECTRA,Olectra Greentech Ltd,2,FCF / PAT,-1.33
2026-04-28,PETRONET,Petronet LNG Ltd,2,ROE,N/A
2026-04-28,PETRONET,Petronet LNG Ltd,2,PEG Ratio,2.64
2026-04-28,PREMIERENE,Premier Energies Ltd,2,ROE,N/A
2026-04-28,PREMIERENE,Premier Energies Ltd,2,FCF / PAT,-2.46
2026-04-28,RAILTEL,Railtel Corporation of India Ltd,2,ROE,N/A
2026-04-28,RAILTEL,Railtel Corporation of India Ltd,2,PEG Ratio,5.88
2026-04-28,REDINGTON,Redington Ltd,2,ROE,N/A
2026-04-28,REDINGTON,Redington Ltd,2,Promoter Holding,0.0%
2026-04-28,SAGILITY,Sagility Ltd,2,ROE,N/A
2026-04-28,SAGILITY,Sagility Ltd,2,Avg ROCE (3Y),"13.9%  (hist: [2.2, 11.4, 12.1, 13.4, 16.2])"
2026-04-28,SARDAEN,Sarda Energy & Minerals Ltd,2,ROE,N/A
2026-04-28,SARDAEN,Sarda Energy & Minerals Ltd,2,Avg ROCE (3Y),"15.5%  (hist: [29.6, 22.0, 15.2, 13.5, 17.7])"
2026-04-28,SUNPHARMA,Sun Pharmaceutical Industries Ltd,2,ROE,N/A
2026-04-28,SUNPHARMA,Sun Pharmaceutical Industries Ltd,2,PEG Ratio,1.14
2026-04-28,SPLPETRO,Supreme Petrochem Ltd,1,ROE,N/A
2026-04-28,TCS,Tata Consultancy Services Ltd,2,ROE,N/A
2026-04-28,TCS,Tata Consultancy Services Ltd,2,PEG Ratio,1.84
2026-04-28,TATATECH,Tata Technologies Ltd,2,ROE,N/A
2026-04-28,TATATECH,Tata Technologies Ltd,2,PEG Ratio,N/A
2026-04-28,TORNTPOWER,Torrent Power Ltd,2,ROE,N/A
2026-04-28,TORNTPOWER,Torrent Power Ltd,2,PEG Ratio,1.52
2026-04-28,TARIL,Transformers & Rectifiers India Ltd,1,ROE,N/A
2026-04-28,WAAREEENER,Waaree Energies Ltd,2,ROE,N/A
2026-04-28,WAAREEENER,Waaree Energies Ltd,2,FCF / PAT,-0.95
2026-04-28,WELCORP,Welspun Corp Ltd,2,ROE,N/A
2026-04-28,WELCORP,Welspun Corp Ltd,2,PEG Ratio,1.04
2026-04-28,ZENTEC,Zen Technologies Ltd,2,ROE,N/A
2026-04-28,ZENTEC,Zen Technologies Ltd,2,FCF / PAT,-2.59
2026-04-28,ZYDUSLIFE,Zydus Lifesciences Ltd,2,ROE,N/A
2026-04-28,ZYDUSLIFE,Zydus Lifesciences Ltd,2,FCF / PAT,0.34
2026-04-28,ECLERX,eClerx Services Ltd,1,ROE,N/A
2026-04-29,ABB,ABB India Ltd,2,ROE,N/A
2026-04-29,ABB,ABB India Ltd,2,FCF / PAT,-0.66
2026-04-29,ACE,Action Construction Equipment Ltd,1,ROE,N/A
2026-04-29,ADANIPOWER,Adani Power Ltd,1,ROE,N/A
2026-04-29,CPPLUS,Aditya Infotech Ltd,2,ROE,N/A
2026-04-29,CPPLUS,Aditya Infotech Ltd,2,PEG Ratio,N/A
2026-04-29,ABDL,Allied Blenders & Distillers Ltd,1,ROE,N/A
2026-04-29,ANANTRAJ,Anant Raj Ltd,2,ROE,N/A
2026-04-29,ANANTRAJ,Anant Raj Ltd,2,Avg ROCE (3Y),"10.4%  (hist: [1.9, 5.0, 7.8, 10.6, 12.7])"
2026-04-29,BLS,BLS International Services Ltd,2,ROE,N/A
2026-04-29,BLS,BLS International Services Ltd,2,FCF / PAT,0.11
2026-04-29,BATAINDIA,Bata India Ltd,2,ROE,N/A
2026-04-29,BATAINDIA,Bata India Ltd,2,PEG Ratio,N/A
2026-04-29,BPCL,Bharat Petroleum Corporation Ltd,2,ROE,N/A
2026-04-29,BPCL,Bharat Petroleum Corporation Ltd,2,FCF / PAT,0.62
2026-04-29,BLUEDART,Blue Dart Express Ltd,2,ROE,N/A
2026-04-29,BLUEDART,Blue Dart Express Ltd,2,PEG Ratio,2.23
2026-04-29,CEMPRO,Cemindia Projects Ltd,1,ROE,N/A
2026-04-29,CHAMBLFERT,Chambal Fertilisers & Chemicals Ltd,2,ROE,N/A
2026-04-29,CHAMBLFERT,Chambal Fertilisers & Chemicals Ltd,2,PEG Ratio,2.52
2026-04-29,CHENNPETRO,Chennai Petroleum Corporation Ltd,1,ROE,N/A
2026-04-29,COALINDIA,Coal India Ltd,1,ROE,N/A
2026-04-29,COLPAL,Colgate-Palmolive (India) Ltd,2,ROE,N/A
2026-04-29,COLPAL,Colgate-Palmolive (India) Ltd,2,PEG Ratio,4.10
2026-04-29,COROMANDEL,Coromandel International Ltd,2,ROE,N/A
2026-04-29,COROMANDEL,Coromandel International Ltd,2,PEG Ratio,2.26
2026-04-29,EIDPARRY,EID Parry (India) Ltd,2,ROE,N/A
2026-04-29,EIDPARRY,EID Parry (India) Ltd,2,Promoter Holding,41.5%
2026-04-29,EIHOTEL,EIH Ltd,2,ROE,N/A
2026-04-29,EIHOTEL,EIH Ltd,2,Promoter Holding,32.9%
2026-04-29,ELECON,Elecon Engineering Company Ltd,1,ROE,N/A
2026-04-29,EMCURE,Emcure Pharmaceuticals Ltd,2,ROE,N/A
2026-04-29,EMCURE,Emcure Pharmaceuticals Ltd,2,PEG Ratio,2.47
2026-04-29,ENGINERSIN,Engineers India Ltd,2,ROE,N/A
2026-04-29,ENGINERSIN,Engineers India Ltd,2,Revenue CAGR 5Y,5.0%
2026-04-29,FSL,Firstsource Solutions Ltd,2,ROE,N/A
2026-04-29,FSL,Firstsource Solutions Ltd,2,PEG Ratio,1.90
2026-04-29,FORCEMOT,Force Motors Ltd,2,ROE,N/A
2026-04-29,FORCEMOT,Force Motors Ltd,2,FCF / PAT,0.68
2026-04-29,GODFRYPHLP,Godfrey Phillips India Ltd,2,ROE,N/A
2026-04-29,GODFRYPHLP,Godfrey Phillips India Ltd,2,FCF / PAT,0.54
2026-04-29,HEG,HEG Ltd,2,ROE,N/A
2026-04-29,HEG,HEG Ltd,2,Avg ROCE (3Y),"6.6%  (hist: [11.6, 12.3, 7.6, 5.1, 7.2])"
2026-04-29,HBLENGINE,HBL Engineering Ltd,1,ROE,N/A
2026-04-29,HCLTECH,HCL Technologies Ltd,2,ROE,N/A
2026-04-29,HCLTECH,HCL Technologies Ltd,2,PEG Ratio,2.25
2026-04-29,HEXT,Hexaware Technologies Ltd,2,ROE,N/A
2026-04-29,HEXT,Hexaware Technologies Ltd,2,PEG Ratio,11.86
2026-04-29,HSCL,Himadri Speciality Chemical Ltd,2,ROE,N/A
2026-04-29,HSCL,Himadri Speciality Chemical Ltd,2,FCF / PAT,0.71
2026-04-29,HINDPETRO,Hindustan Petroleum Corporation Ltd,2,Debt / Equity,1.11
2026-04-29,HINDPETRO,Hindustan Petroleum Corporation Ltd,2,ROE,N/A
2026-04-29,HINDZINC,Hindustan Zinc Ltd,2,ROE,N/A
2026-04-29,HINDZINC,Hindustan Zinc Ltd,2,PEG Ratio,1.62
2026-04-29,HYUNDAI,Hyundai Motor India Ltd,2,ROE,N/A
2026-04-29,HYUNDAI,Hyundai Motor India Ltd,2,PEG Ratio,9.57
2026-04-29,IOC,Indian Oil Corporation Ltd,1,ROE,N/A
2026-04-29,INDUSTOWER,Indus Towers Ltd,2,ROE,N/A
2026-04-29,INDUSTOWER,Indus Towers Ltd,2,PEG Ratio,1.09
2026-04-29,JKTYRE,JK Tyre & Industries Ltd,2,ROE,N/A
2026-04-29,JKTYRE,JK Tyre & Industries Ltd,2,PEG Ratio,1.14
2026-04-29,JSWDULUX,JSW Dulux Ltd,2,ROE,N/A
2026-04-29,JSWDULUX,JSW Dulux Ltd,2,Revenue CAGR 5Y,9.2%
2026-04-29,JINDALSAW,Jindal Saw Ltd,1,ROE,N/A
2026-04-29,JSL,Jindal Stainless Ltd,1,ROE,N/A
2026-04-29,JYOTICNC,Jyoti CNC Automation Ltd,2,ROE,N/A
2026-04-29,JYOTICNC,Jyoti CNC Automation Ltd,2,PEG Ratio,1.38
2026-04-29,KPITTECH,KPIT Technologies Ltd,2,ROE,N/A
2026-04-29,KPITTECH,KPIT Technologies Ltd,2,Promoter Holding,39.4%
2026-04-29,KALYANKJIL,Kalyan Jewellers India Ltd,2,ROE,N/A
2026-04-29,KALYANKJIL,Kalyan Jewellers India Ltd,2,Avg ROCE (3Y),"17.3%  (hist: [11.9, 14.7, 15.4, 16.2, 20.2])"
2026-04-29,LINDEINDIA,Linde India Ltd,2,ROE,N/A
2026-04-29,LINDEINDIA,Linde India Ltd,2,PEG Ratio,3.39
2026-04-29,LLOYDSME,Lloyds Metals & Energy Ltd,2,Debt / Equity,1.06
2026-04-29,LLOYDSME,Lloyds Metals & Energy Ltd,2,ROE,N/A
2026-04-29,LODHA,Lodha Developers Ltd,2,ROE,N/A
2026-04-29,LODHA,Lodha Developers Ltd,2,Avg ROCE (3Y),"13.3%  (hist: [9.2, 9.5, 10.6, 14.6, 14.8])"
2026-04-29,LUPIN,Lupin Ltd,2,ROE,N/A
2026-04-29,LUPIN,Lupin Ltd,2,FCF / PAT,0.72
2026-04-29,MRPL,Mangalore Refinery And Petrochemicals Ltd,2,Debt / Equity,1.08
2026-04-29,MRPL,Mangalore Refinery And Petrochemicals Ltd,2,ROE,N/A
2026-04-29,MARICO,Marico Ltd,2,ROE,N/A
2026-04-29,MARICO,Marico Ltd,2,PEG Ratio,7.56
2026-04-29,MAZDOCK,Mazagon Dock Shipbuilders Ltd,2,ROE,N/A
2026-04-29,MAZDOCK,Mazagon Dock Shipbuilders Ltd,2,PEG Ratio,1.28
2026-04-29,NATCOPHARM,Natco Pharma Ltd,2,ROE,N/A
2026-04-29,NATCOPHARM,Natco Pharma Ltd,2,FCF / PAT,0.09
2026-04-29,NBCC,NBCC (India) Ltd,2,ROE,N/A
2026-04-29,NBCC,NBCC (India) Ltd,2,PEG Ratio,1.61
2026-04-29,NCC,NCC Ltd,2,ROE,N/A
2026-04-29,NCC,NCC Ltd,2,Promoter Holding,22.8%
2026-04-29,NMDC,NMDC Ltd,2,ROE,N/A
2026-04-29,NMDC,NMDC Ltd,2,PEG Ratio,6.11
2026-04-29,NH,Narayana Hrudayalaya Ltd,2,ROE,N/A
2026-04-29,NH,Narayana Hrudayalaya Ltd,2,FCF / PAT,-0.29
2026-04-29,NATIONALUM,National Aluminium Company Ltd,1,ROE,N/A
2026-04-29,ONGC,Oil & Natural Gas Corpn Ltd,2,ROE,N/A
2026-04-29,ONGC,Oil & Natural Gas Corpn Ltd,2,FCF / PAT,0.49
2026-04-29,OLECTRA,Olectra Greentech Ltd,2,ROE,N/A
2026-04-29,OLECTRA,Olectra Greentech Ltd,2,FCF / PAT,-1.33
2026-04-29,PETRONET,Petronet LNG Ltd,2,ROE,N/A
2026-04-29,PETRONET,Petronet LNG Ltd,2,PEG Ratio,2.66
2026-04-29,PREMIERENE,Premier Energies Ltd,2,ROE,N/A
2026-04-29,PREMIERENE,Premier Energies Ltd,2,FCF / PAT,-2.46
2026-04-29,RAILTEL,Railtel Corporation of India Ltd,2,ROE,N/A
2026-04-29,RAILTEL,Railtel Corporation of India Ltd,2,PEG Ratio,5.79
2026-04-29,REDINGTON,Redington Ltd,2,ROE,N/A
2026-04-29,REDINGTON,Redington Ltd,2,Promoter Holding,0.0%
2026-04-29,SAGILITY,Sagility Ltd,2,ROE,N/A
2026-04-29,SAGILITY,Sagility Ltd,2,Avg ROCE (3Y),"13.9%  (hist: [2.2, 11.4, 12.1, 13.4, 16.2])"
2026-04-29,SARDAEN,Sarda Energy & Minerals Ltd,2,ROE,N/A
2026-04-29,SARDAEN,Sarda Energy & Minerals Ltd,2,Avg ROCE (3Y),"15.5%  (hist: [29.6, 22.0, 15.2, 13.5, 17.7])"
2026-04-29,SUNPHARMA,Sun Pharmaceutical Industries Ltd,2,ROE,N/A
2026-04-29,SUNPHARMA,Sun Pharmaceutical Industries Ltd,2,PEG Ratio,1.16
2026-04-29,SPLPETRO,Supreme Petrochem Ltd,1,ROE,N/A
2026-04-29,TCS,Tata Consultancy Services Ltd,2,ROE,N/A
2026-04-29,TCS,Tata Consultancy Services Ltd,2,PEG Ratio,1.86
2026-04-29,TATATECH,Tata Technologies Ltd,2,ROE,N/A
2026-04-29,TATATECH,Tata Technologies Ltd,2,PEG Ratio,N/A
2026-04-29,TORNTPOWER,Torrent Power Ltd,2,ROE,N/A
2026-04-29,TORNTPOWER,Torrent Power Ltd,2,PEG Ratio,1.47
2026-04-29,TARIL,Transformers & Rectifiers India Ltd,1,ROE,N/A
2026-04-29,WAAREEENER,Waaree Energies Ltd,2,ROE,N/A
2026-04-29,WAAREEENER,Waaree Energies Ltd,2,FCF / PAT,-0.95
2026-04-29,WELCORP,Welspun Corp Ltd,2,ROE,N/A
2026-04-29,WELCORP,Welspun Corp Ltd,2,PEG Ratio,1.07
2026-04-29,ZENTEC,Zen Technologies Ltd,2,ROE,N/A
2026-04-29,ZENTEC,Zen Technologies Ltd,2,FCF / PAT,-2.59
2026-04-29,ZYDUSLIFE,Zydus Lifesciences Ltd,2,ROE,N/A
2026-04-29,ZYDUSLIFE,Zydus Lifesciences Ltd,2,FCF / PAT,0.34
2026-04-29,ECLERX,eClerx Services Ltd,1,ROE,N/A
2026-04-30,ABB,ABB India Ltd,2,ROE,N/A
2026-04-30,ABB,ABB India Ltd,2,FCF / PAT,-0.66
2026-04-30,ACE,Action Construction Equipment Ltd,1,ROE,N/A
2026-04-30,ADANIPOWER,Adani Power Ltd,1,ROE,N/A
2026-04-30,CPPLUS,Aditya Infotech Ltd,2,ROE,N/A
2026-04-30,CPPLUS,Aditya Infotech Ltd,2,PEG Ratio,N/A
2026-04-30,ABDL,Allied Blenders & Distillers Ltd,1,ROE,N/A
2026-04-30,ANANTRAJ,Anant Raj Ltd,2,ROE,N/A
2026-04-30,ANANTRAJ,Anant Raj Ltd,2,Avg ROCE (3Y),"10.4%  (hist: [1.9, 5.0, 7.8, 10.6, 12.7])"
2026-04-30,BLS,BLS International Services Ltd,2,ROE,N/A
2026-04-30,BLS,BLS International Services Ltd,2,FCF / PAT,0.11
2026-04-30,BATAINDIA,Bata India Ltd,2,ROE,N/A
2026-04-30,BATAINDIA,Bata India Ltd,2,PEG Ratio,N/A
2026-04-30,BPCL,Bharat Petroleum Corporation Ltd,2,ROE,N/A
2026-04-30,BPCL,Bharat Petroleum Corporation Ltd,2,FCF / PAT,0.62
2026-04-30,BLUEDART,Blue Dart Express Ltd,2,ROE,N/A
2026-04-30,BLUEDART,Blue Dart Express Ltd,2,PEG Ratio,2.23
2026-04-30,CEMPRO,Cemindia Projects Ltd,1,ROE,N/A
2026-04-30,CHAMBLFERT,Chambal Fertilisers & Chemicals Ltd,2,ROE,N/A
2026-04-30,CHAMBLFERT,Chambal Fertilisers & Chemicals Ltd,2,PEG Ratio,2.45
2026-04-30,CHENNPETRO,Chennai Petroleum Corporation Ltd,1,ROE,N/A
2026-04-30,COALINDIA,Coal India Ltd,1,ROE,N/A
2026-04-30,COLPAL,Colgate-Palmolive (India) Ltd,2,ROE,N/A
2026-04-30,COLPAL,Colgate-Palmolive (India) Ltd,2,PEG Ratio,4.04
2026-04-30,COROMANDEL,Coromandel International Ltd,2,ROE,N/A
2026-04-30,COROMANDEL,Coromandel International Ltd,2,PEG Ratio,2.22
2026-04-30,EIDPARRY,EID Parry (India) Ltd,2,ROE,N/A
2026-04-30,EIDPARRY,EID Parry (India) Ltd,2,Promoter Holding,41.5%
2026-04-30,EIHOTEL,EIH Ltd,2,ROE,N/A
2026-04-30,EIHOTEL,EIH Ltd,2,Promoter Holding,32.9%
2026-04-30,ELECON,Elecon Engineering Company Ltd,1,ROE,N/A
2026-04-30,EMCURE,Emcure Pharmaceuticals Ltd,2,ROE,N/A
2026-04-30,EMCURE,Emcure Pharmaceuticals Ltd,2,PEG Ratio,2.40
2026-04-30,ENGINERSIN,Engineers India Ltd,2,ROE,N/A
2026-04-30,ENGINERSIN,Engineers India Ltd,2,Revenue CAGR 5Y,5.0%
2026-04-30,FSL,Firstsource Solutions Ltd,2,ROE,N/A
2026-04-30,FSL,Firstsource Solutions Ltd,2,PEG Ratio,1.89
2026-04-30,FORCEMOT,Force Motors Ltd,2,ROE,N/A
2026-04-30,FORCEMOT,Force Motors Ltd,2,FCF / PAT,0.68
2026-04-30,GODFRYPHLP,Godfrey Phillips India Ltd,2,ROE,N/A
2026-04-30,GODFRYPHLP,Godfrey Phillips India Ltd,2,FCF / PAT,0.54
2026-04-30,HEG,HEG Ltd,2,ROE,N/A
2026-04-30,HEG,HEG Ltd,2,Avg ROCE (3Y),"6.6%  (hist: [11.6, 12.3, 7.6, 5.1, 7.2])"
2026-04-30,HBLENGINE,HBL Engineering Ltd,1,ROE,N/A
2026-04-30,HCLTECH,HCL Technologies Ltd,2,ROE,N/A
2026-04-30,HCLTECH,HCL Technologies Ltd,2,PEG Ratio,2.25
2026-04-30,HEXT,Hexaware Technologies Ltd,2,ROE,N/A
2026-04-30,HEXT,Hexaware Technologies Ltd,2,PEG Ratio,11.74
2026-04-30,HSCL,Himadri Speciality Chemical Ltd,2,ROE,N/A
2026-04-30,HSCL,Himadri Speciality Chemical Ltd,2,FCF / PAT,0.71
2026-04-30,HINDPETRO,Hindustan Petroleum Corporation Ltd,2,Debt / Equity,1.11
2026-04-30,HINDPETRO,Hindustan Petroleum Corporation Ltd,2,ROE,N/A
2026-04-30,HINDZINC,Hindustan Zinc Ltd,2,ROE,N/A
2026-04-30,HINDZINC,Hindustan Zinc Ltd,2,PEG Ratio,1.57
2026-04-30,HYUNDAI,Hyundai Motor India Ltd,2,ROE,N/A
2026-04-30,HYUNDAI,Hyundai Motor India Ltd,2,PEG Ratio,9.57
2026-04-30,IOC,Indian Oil Corporation Ltd,1,ROE,N/A
2026-04-30,INDUSTOWER,Indus Towers Ltd,2,ROE,N/A
2026-04-30,INDUSTOWER,Indus Towers Ltd,2,PEG Ratio,1.08
2026-04-30,JKTYRE,JK Tyre & Industries Ltd,2,ROE,N/A
2026-04-30,JKTYRE,JK Tyre & Industries Ltd,2,PEG Ratio,1.14
2026-04-30,JSWDULUX,JSW Dulux Ltd,2,ROE,N/A
2026-04-30,JSWDULUX,JSW Dulux Ltd,2,Revenue CAGR 5Y,9.2%
2026-04-30,JINDALSAW,Jindal Saw Ltd,1,ROE,N/A
2026-04-30,JSL,Jindal Stainless Ltd,1,ROE,N/A
2026-04-30,JYOTICNC,Jyoti CNC Automation Ltd,2,ROE,N/A
2026-04-30,JYOTICNC,Jyoti CNC Automation Ltd,2,PEG Ratio,1.36
2026-04-30,KPITTECH,KPIT Technologies Ltd,2,ROE,N/A
2026-04-30,KPITTECH,KPIT Technologies Ltd,2,Promoter Holding,39.4%
2026-04-30,KALYANKJIL,Kalyan Jewellers India Ltd,2,ROE,N/A
2026-04-30,KALYANKJIL,Kalyan Jewellers India Ltd,2,Avg ROCE (3Y),"17.3%  (hist: [11.9, 14.7, 15.4, 16.2, 20.2])"
2026-04-30,LINDEINDIA,Linde India Ltd,2,ROE,N/A
2026-04-30,LINDEINDIA,Linde India Ltd,2,PEG Ratio,3.39
2026-04-30,LLOYDSME,Lloyds Metals & Energy Ltd,2,Debt / Equity,1.06
2026-04-30,LLOYDSME,Lloyds Metals & Energy Ltd,2,ROE,N/A
2026-04-30,LODHA,Lodha Developers Ltd,2,ROE,N/A
2026-04-30,LODHA,Lodha Developers Ltd,2,Avg ROCE (3Y),"13.3%  (hist: [9.2, 9.5, 10.6, 14.6, 14.8])"
2026-04-30,LUPIN,Lupin Ltd,2,ROE,N/A
2026-04-30,LUPIN,Lupin Ltd,2,FCF / PAT,0.72
2026-04-30,MRPL,Mangalore Refinery And Petrochemicals Ltd,2,Debt / Equity,1.08
2026-04-30,MRPL,Mangalore Refinery And Petrochemicals Ltd,2,ROE,N/A
2026-04-30,MARICO,Marico Ltd,2,ROE,N/A
2026-04-30,MARICO,Marico Ltd,2,PEG Ratio,7.54
2026-04-30,MAZDOCK,Mazagon Dock Shipbuilders Ltd,2,ROE,N/A
2026-04-30,MAZDOCK,Mazagon Dock Shipbuilders Ltd,2,PEG Ratio,1.27
2026-04-30,NATCOPHARM,Natco Pharma Ltd,2,ROE,N/A
2026-04-30,NATCOPHARM,Natco Pharma Ltd,2,FCF / PAT,0.09
2026-04-30,NBCC,NBCC (India) Ltd,2,ROE,N/A
2026-04-30,NBCC,NBCC (India) Ltd,2,PEG Ratio,1.58
2026-04-30,NCC,NCC Ltd,2,ROE,N/A
2026-04-30,NCC,NCC Ltd,2,Promoter Holding,22.8%
2026-04-30,NMDC,NMDC Ltd,2,ROE,N/A
2026-04-30,NMDC,NMDC Ltd,2,PEG Ratio,6.01
2026-04-30,NH,Narayana Hrudayalaya Ltd,2,ROE,N/A
2026-04-30,NH,Narayana Hrudayalaya Ltd,2,FCF / PAT,-0.29
2026-04-30,NATIONALUM,National Aluminium Company Ltd,1,ROE,N/A
2026-04-30,ONGC,Oil & Natural Gas Corpn Ltd,2,ROE,N/A
2026-04-30,ONGC,Oil & Natural Gas Corpn Ltd,2,FCF / PAT,0.49
2026-04-30,OLECTRA,Olectra Greentech Ltd,2,ROE,N/A
2026-04-30,OLECTRA,Olectra Greentech Ltd,2,FCF / PAT,-1.33
2026-04-30,PETRONET,Petronet LNG Ltd,2,ROE,N/A
2026-04-30,PETRONET,Petronet LNG Ltd,2,PEG Ratio,2.61
2026-04-30,PREMIERENE,Premier Energies Ltd,2,ROE,N/A
2026-04-30,PREMIERENE,Premier Energies Ltd,2,FCF / PAT,-2.46
2026-04-30,RAILTEL,Railtel Corporation of India Ltd,2,ROE,N/A
2026-04-30,RAILTEL,Railtel Corporation of India Ltd,2,PEG Ratio,5.74
2026-04-30,REDINGTON,Redington Ltd,2,ROE,N/A
2026-04-30,REDINGTON,Redington Ltd,2,Promoter Holding,0.0%
2026-04-30,SAGILITY,Sagility Ltd,2,ROE,N/A
2026-04-30,SAGILITY,Sagility Ltd,2,Avg ROCE (3Y),"13.9%  (hist: [2.2, 11.4, 12.1, 13.4, 16.2])"
2026-04-30,SARDAEN,Sarda Energy & Minerals Ltd,2,ROE,N/A
2026-04-30,SARDAEN,Sarda Energy & Minerals Ltd,2,Avg ROCE (3Y),"15.5%  (hist: [29.6, 22.0, 15.2, 13.5, 17.7])"
2026-04-30,SUNPHARMA,Sun Pharmaceutical Industries Ltd,2,ROE,N/A
2026-04-30,SUNPHARMA,Sun Pharmaceutical Industries Ltd,2,PEG Ratio,1.18
2026-04-30,SPLPETRO,Supreme Petrochem Ltd,1,ROE,N/A
2026-04-30,TCS,Tata Consultancy Services Ltd,2,ROE,N/A
2026-04-30,TCS,Tata Consultancy Services Ltd,2,PEG Ratio,1.86
2026-04-30,TATATECH,Tata Technologies Ltd,2,ROE,N/A
2026-04-30,TATATECH,Tata Technologies Ltd,2,PEG Ratio,N/A
2026-04-30,TORNTPOWER,Torrent Power Ltd,2,ROE,N/A
2026-04-30,TORNTPOWER,Torrent Power Ltd,2,PEG Ratio,1.50
2026-04-30,TARIL,Transformers & Rectifiers India Ltd,1,ROE,N/A
2026-04-30,WAAREEENER,Waaree Energies Ltd,2,ROE,N/A
2026-04-30,WAAREEENER,Waaree Energies Ltd,2,FCF / PAT,-0.90
2026-04-30,WELCORP,Welspun Corp Ltd,2,ROE,N/A
2026-04-30,WELCORP,Welspun Corp Ltd,2,PEG Ratio,1.07
2026-04-30,ZENTEC,Zen Technologies Ltd,2,ROE,N/A
2026-04-30,ZENTEC,Zen Technologies Ltd,2,FCF / PAT,-2.59
2026-04-30,ZYDUSLIFE,Zydus Lifesciences Ltd,2,ROE,N/A
2026-04-30,ZYDUSLIFE,Zydus Lifesciences Ltd,2,FCF / PAT,0.34
2026-04-30,ECLERX,eClerx Services Ltd,1,ROE,N/A
2026-05-01,ABB,ABB India Ltd,2,ROE,N/A
2026-05-01,ABB,ABB India Ltd,2,FCF / PAT,-0.66
2026-05-01,ACE,Action Construction Equipment Ltd,1,ROE,N/A
2026-05-01,ADANIPOWER,Adani Power Ltd,1,ROE,N/A
2026-05-01,CPPLUS,Aditya Infotech Ltd,2,ROE,N/A
2026-05-01,CPPLUS,Aditya Infotech Ltd,2,PEG Ratio,N/A
2026-05-01,ABDL,Allied Blenders & Distillers Ltd,1,ROE,N/A
2026-05-01,ANANTRAJ,Anant Raj Ltd,2,ROE,N/A
2026-05-01,ANANTRAJ,Anant Raj Ltd,2,Avg ROCE (3Y),"10.4%  (hist: [1.9, 5.0, 7.8, 10.6, 12.7])"
2026-05-01,BLS,BLS International Services Ltd,2,ROE,N/A
2026-05-01,BLS,BLS International Services Ltd,2,FCF / PAT,0.11
2026-05-01,BATAINDIA,Bata India Ltd,2,ROE,N/A
2026-05-01,BATAINDIA,Bata India Ltd,2,PEG Ratio,N/A
2026-05-01,BPCL,Bharat Petroleum Corporation Ltd,2,ROE,N/A
2026-05-01,BPCL,Bharat Petroleum Corporation Ltd,2,FCF / PAT,0.62
2026-05-01,BLUEDART,Blue Dart Express Ltd,2,ROE,N/A
2026-05-01,BLUEDART,Blue Dart Express Ltd,2,PEG Ratio,2.23
2026-05-01,CEMPRO,Cemindia Projects Ltd,1,ROE,N/A
2026-05-01,CHAMBLFERT,Chambal Fertilisers & Chemicals Ltd,2,ROE,N/A
2026-05-01,CHAMBLFERT,Chambal Fertilisers & Chemicals Ltd,2,PEG Ratio,2.45
2026-05-01,CHENNPETRO,Chennai Petroleum Corporation Ltd,1,ROE,N/A
2026-05-01,COALINDIA,Coal India Ltd,1,ROE,N/A
2026-05-01,COLPAL,Colgate-Palmolive (India) Ltd,2,ROE,N/A
2026-05-01,COLPAL,Colgate-Palmolive (India) Ltd,2,PEG Ratio,4.04
2026-05-01,COROMANDEL,Coromandel International Ltd,2,ROE,N/A
2026-05-01,COROMANDEL,Coromandel International Ltd,2,PEG Ratio,2.23
2026-05-01,EIDPARRY,EID Parry (India) Ltd,2,ROE,N/A
2026-05-01,EIDPARRY,EID Parry (India) Ltd,2,Promoter Holding,41.5%
2026-05-01,EIHOTEL,EIH Ltd,2,ROE,N/A
2026-05-01,EIHOTEL,EIH Ltd,2,Promoter Holding,32.9%
2026-05-01,ELECON,Elecon Engineering Company Ltd,1,ROE,N/A
2026-05-01,EMCURE,Emcure Pharmaceuticals Ltd,2,ROE,N/A
2026-05-01,EMCURE,Emcure Pharmaceuticals Ltd,2,PEG Ratio,2.40
2026-05-01,ENGINERSIN,Engineers India Ltd,2,ROE,N/A
2026-05-01,ENGINERSIN,Engineers India Ltd,2,Revenue CAGR 5Y,5.0%
2026-05-01,FSL,Firstsource Solutions Ltd,2,ROE,N/A
2026-05-01,FSL,Firstsource Solutions Ltd,2,PEG Ratio,1.89
2026-05-01,FORCEMOT,Force Motors Ltd,2,ROE,N/A
2026-05-01,FORCEMOT,Force Motors Ltd,2,FCF / PAT,0.68
2026-05-01,GODFRYPHLP,Godfrey Phillips India Ltd,2,ROE,N/A
2026-05-01,GODFRYPHLP,Godfrey Phillips India Ltd,2,FCF / PAT,0.54
2026-05-01,HEG,HEG Ltd,2,ROE,N/A
2026-05-01,HEG,HEG Ltd,2,Avg ROCE (3Y),"6.6%  (hist: [11.6, 12.3, 7.6, 5.1, 7.2])"
2026-05-01,HBLENGINE,HBL Engineering Ltd,1,ROE,N/A
2026-05-01,HCLTECH,HCL Technologies Ltd,2,ROE,N/A
2026-05-01,HCLTECH,HCL Technologies Ltd,2,PEG Ratio,2.24
2026-05-01,HEXT,Hexaware Technologies Ltd,2,ROE,N/A
2026-05-01,HEXT,Hexaware Technologies Ltd,2,PEG Ratio,11.68
2026-05-01,HSCL,Himadri Speciality Chemical Ltd,2,ROE,N/A
2026-05-01,HSCL,Himadri Speciality Chemical Ltd,2,FCF / PAT,0.71
2026-05-01,HINDPETRO,Hindustan Petroleum Corporation Ltd,2,Debt / Equity,1.11
2026-05-01,HINDPETRO,Hindustan Petroleum Corporation Ltd,2,ROE,N/A
2026-05-01,HINDZINC,Hindustan Zinc Ltd,2,ROE,N/A
2026-05-01,HINDZINC,Hindustan Zinc Ltd,2,PEG Ratio,1.57
2026-05-01,HYUNDAI,Hyundai Motor India Ltd,2,ROE,N/A
2026-05-01,HYUNDAI,Hyundai Motor India Ltd,2,PEG Ratio,9.57
2026-05-01,IOC,Indian Oil Corporation Ltd,1,ROE,N/A
2026-05-01,INDUSTOWER,Indus Towers Ltd,2,ROE,N/A
2026-05-01,INDUSTOWER,Indus Towers Ltd,2,PEG Ratio,1.07
2026-05-01,JKTYRE,JK Tyre & Industries Ltd,2,ROE,N/A
2026-05-01,JKTYRE,JK Tyre & Industries Ltd,2,PEG Ratio,1.14
2026-05-01,JSWDULUX,JSW Dulux Ltd,2,ROE,N/A
2026-05-01,JSWDULUX,JSW Dulux Ltd,2,Revenue CAGR 5Y,9.2%
2026-05-01,JINDALSAW,Jindal Saw Ltd,1,ROE,N/A
2026-05-01,JSL,Jindal Stainless Ltd,1,ROE,N/A
2026-05-01,JYOTICNC,Jyoti CNC Automation Ltd,2,ROE,N/A
2026-05-01,JYOTICNC,Jyoti CNC Automation Ltd,2,PEG Ratio,1.36
2026-05-01,KPITTECH,KPIT Technologies Ltd,2,ROE,N/A
2026-05-01,KPITTECH,KPIT Technologies Ltd,2,Promoter Holding,39.4%
2026-05-01,KALYANKJIL,Kalyan Jewellers India Ltd,2,ROE,N/A
2026-05-01,KALYANKJIL,Kalyan Jewellers India Ltd,2,Avg ROCE (3Y),"17.3%  (hist: [11.9, 14.7, 15.4, 16.2, 20.2])"
2026-05-01,LINDEINDIA,Linde India Ltd,2,ROE,N/A
2026-05-01,LINDEINDIA,Linde India Ltd,2,PEG Ratio,3.39
2026-05-01,LLOYDSME,Lloyds Metals & Energy Ltd,2,Debt / Equity,1.06
2026-05-01,LLOYDSME,Lloyds Metals & Energy Ltd,2,ROE,N/A
2026-05-01,LODHA,Lodha Developers Ltd,2,ROE,N/A
2026-05-01,LODHA,Lodha Developers Ltd,2,Avg ROCE (3Y),"13.3%  (hist: [9.2, 9.5, 10.6, 14.6, 14.8])"
2026-05-01,LUPIN,Lupin Ltd,2,ROE,N/A
2026-05-01,LUPIN,Lupin Ltd,2,FCF / PAT,0.72
2026-05-01,MRPL,Mangalore Refinery And Petrochemicals Ltd,2,Debt / Equity,1.08
2026-05-01,MRPL,Mangalore Refinery And Petrochemicals Ltd,2,ROE,N/A
2026-05-01,MARICO,Marico Ltd,2,ROE,N/A
2026-05-01,MARICO,Marico Ltd,2,PEG Ratio,7.52
2026-05-01,NATCOPHARM,Natco Pharma Ltd,2,ROE,N/A
2026-05-01,NATCOPHARM,Natco Pharma Ltd,2,FCF / PAT,0.09
2026-05-01,NBCC,NBCC (India) Ltd,2,ROE,N/A
2026-05-01,NBCC,NBCC (India) Ltd,2,PEG Ratio,1.58
2026-05-01,NCC,NCC Ltd,2,ROE,N/A
2026-05-01,NCC,NCC Ltd,2,Promoter Holding,22.8%
2026-05-01,NMDC,NMDC Ltd,2,ROE,N/A
2026-05-01,NMDC,NMDC Ltd,2,PEG Ratio,6.01
2026-05-01,NH,Narayana Hrudayalaya Ltd,2,ROE,N/A
2026-05-01,NH,Narayana Hrudayalaya Ltd,2,FCF / PAT,-0.29
2026-05-01,NATIONALUM,National Aluminium Company Ltd,1,ROE,N/A
2026-05-01,ONGC,Oil & Natural Gas Corpn Ltd,2,ROE,N/A
2026-05-01,ONGC,Oil & Natural Gas Corpn Ltd,2,FCF / PAT,0.49
2026-05-01,OLECTRA,Olectra Greentech Ltd,2,ROE,N/A
2026-05-01,OLECTRA,Olectra Greentech Ltd,2,FCF / PAT,-1.33
2026-05-01,PETRONET,Petronet LNG Ltd,2,ROE,N/A
2026-05-01,PETRONET,Petronet LNG Ltd,2,PEG Ratio,2.61
2026-05-01,PREMIERENE,Premier Energies Ltd,2,ROE,N/A
2026-05-01,PREMIERENE,Premier Energies Ltd,2,FCF / PAT,-2.46
2026-05-01,RAILTEL,Railtel Corporation of India Ltd,2,ROE,N/A
2026-05-01,RAILTEL,Railtel Corporation of India Ltd,2,PEG Ratio,5.74
2026-05-01,REDINGTON,Redington Ltd,2,ROE,N/A
2026-05-01,REDINGTON,Redington Ltd,2,Promoter Holding,0.0%
2026-05-01,SAGILITY,Sagility Ltd,2,ROE,N/A
2026-05-01,SAGILITY,Sagility Ltd,2,Avg ROCE (3Y),"13.9%  (hist: [2.2, 11.4, 12.1, 13.4, 16.2])"
2026-05-01,SARDAEN,Sarda Energy & Minerals Ltd,2,ROE,N/A
2026-05-01,SARDAEN,Sarda Energy & Minerals Ltd,2,Avg ROCE (3Y),"15.5%  (hist: [29.6, 22.0, 15.2, 13.5, 17.7])"
2026-05-01,SUNPHARMA,Sun Pharmaceutical Industries Ltd,2,ROE,N/A
2026-05-01,SUNPHARMA,Sun Pharmaceutical Industries Ltd,2,PEG Ratio,1.18
2026-05-01,SPLPETRO,Supreme Petrochem Ltd,1,ROE,N/A
2026-05-01,TCS,Tata Consultancy Services Ltd,2,ROE,N/A
2026-05-01,TCS,Tata Consultancy Services Ltd,2,PEG Ratio,1.86
2026-05-01,TATATECH,Tata Technologies Ltd,2,ROE,N/A
2026-05-01,TATATECH,Tata Technologies Ltd,2,PEG Ratio,N/A
2026-05-01,TORNTPOWER,Torrent Power Ltd,2,ROE,N/A
2026-05-01,TORNTPOWER,Torrent Power Ltd,2,PEG Ratio,1.50
2026-05-01,TARIL,Transformers & Rectifiers India Ltd,1,ROE,N/A
2026-05-01,WAAREEENER,Waaree Energies Ltd,2,ROE,N/A
2026-05-01,WAAREEENER,Waaree Energies Ltd,2,FCF / PAT,-0.90
2026-05-01,WELCORP,Welspun Corp Ltd,2,ROE,N/A
2026-05-01,WELCORP,Welspun Corp Ltd,2,PEG Ratio,1.07
2026-05-01,ZENTEC,Zen Technologies Ltd,2,ROE,N/A
2026-05-01,ZENTEC,Zen Technologies Ltd,2,FCF / PAT,-2.59
2026-05-01,ZYDUSLIFE,Zydus Lifesciences Ltd,2,ROE,N/A
2026-05-01,ZYDUSLIFE,Zydus Lifesciences Ltd,2,FCF / PAT,0.34
2026-05-01,ECLERX,eClerx Services Ltd,1,ROE,N/A
